{"Train/Acc": 0.8083809029579657, "round": 99, "_step": 399, "_runtime": 357, "_timestamp": 1610966153, "Train/Loss": 0.6671509880232395, "Test/Acc": 0.8144078144078144, "Test/Loss": 0.6495830518060259}