{"Train/Acc": 0.4524682148417229, "round": 64, "_step": 259, "_runtime": 541, "_timestamp": 1610965431, "Train/Loss": 2.4019805217893793, "Test/Acc": 0.44227377560710895, "Test/Loss": 2.415147648510955}