{"Train/Acc": 0.7782823040996367, "round": 85, "_step": 71, "_runtime": 111, "_timestamp": 1610964289, "Train/Loss": 0.8210331521692762, "Test/Acc": 0.7784561117894451, "Test/Loss": 0.8036659645744475}