{"Train/Acc": 0.822716658017644, "round": 507, "_step": 2031, "_runtime": 1882, "_timestamp": 1610976625, "Train/Loss": 0.5324024971924923, "Test/Acc": 0.8202414869081536, "Test/Loss": 0.5260970959998466}