{"Train/Acc": 0.1940354177477945, "round": 110, "_step": 91, "_runtime": 168, "_timestamp": 1610963872, "Train/Loss": 3.139227790219333, "Test/Acc": 0.19712386379053046, "Test/Loss": 3.1307392870937782}