{"Train/Acc": 0.40247145822522057, "round": 144, "_step": 579, "_runtime": 656, "_timestamp": 1610987774, "Train/Loss": 1.7187745330816995, "Test/Acc": 0.4017094017094017, "Test/Loss": 1.7049699414728408}