{"Train/Acc": 0.19593279709392838, "round": 5, "_step": 7, "_runtime": 38, "_timestamp": 1610785567, "Train/Loss": 2.4221428091663526, "Test/Acc": 0.19644552977886312, "Test/Loss": 2.4191275196158286}