{"Train/Acc": 0.8559289050337312, "round": 676, "_step": 2707, "_runtime": 2437, "_timestamp": 1610986791, "Train/Loss": 0.4531620838598118, "Test/Acc": 0.8574141907475241, "Test/Loss": 0.44445425240836434}