{"Train/Acc": 0.8332252205500779, "round": 277, "_step": 1111, "_runtime": 439, "_timestamp": 1610984348, "Train/Loss": 1.8288574395967105, "Test/Acc": 0.8355718355718356, "Test/Loss": 1.8283509724403135}