{"Train/Acc": 0.6571781680650998, "round": 9, "_step": 11, "_runtime": 387, "_timestamp": 1610696649, "Train/Loss": 1.8021075245567098, "Test/Acc": 0.65618264651601, "Test/Loss": 1.803474541496778}