{"Train/Acc": 0.7233231707317073, "round": 235, "_step": 943, "_runtime": 879, "_timestamp": 1610977513, "Train/Loss": 0.7824425818321418, "Test/Acc": 0.7203907203907204, "Test/Loss": 0.7791008615758653}