{"Train/Acc": 0.41221782563570314, "round": 999, "_step": 803, "_runtime": 516, "_timestamp": 1610962894, "Train/Loss": 2.4057734279346783, "Test/Acc": 0.4170397503730837, "Test/Loss": 2.378831383669271}