{"Train/Acc": 0.41267189932537623, "round": 299, "_step": 243, "_runtime": 638, "_timestamp": 1610786221, "Train/Loss": 3.7066897348471914, "Test/Acc": 0.4128340795007462, "Test/Loss": 3.6787709603636904}