{"Train/Acc": 0.6896892838609238, "round": 99, "_step": 399, "_runtime": 380, "_timestamp": 1610968858, "Train/Loss": 0.9007303321581045, "Test/Acc": 0.6935286935286935, "Test/Loss": 0.8885084119686164}