{"Train/Acc": 0.09996107939802802, "round": 120, "_step": 99, "_runtime": 184, "_timestamp": 1610963127, "Train/Loss": 570.177288268877, "Test/Acc": 0.09862976529643196, "Test/Loss": 567.8668450340133}