{"Train/Acc": 0.9417326154644525, "round": 999, "_step": 803, "_runtime": 3068, "_timestamp": 1610790767, "Train/Loss": 0.21725676644953815, "Test/Acc": 0.9365079365079365, "Test/Loss": 0.23849866160920297}