{"Train/Acc": 0.23276141670991177, "round": 555, "_step": 447, "_runtime": 294, "_timestamp": 1610962064, "Train/Loss": 7.072146892227841, "Test/Acc": 0.22900556233889569, "Test/Loss": 7.1631289713773425}