{"Train/Acc": 0.6547019364637388, "round": 9, "_step": 11, "_runtime": 386, "_timestamp": 1610699157, "Train/Loss": 1.836310010258011, "Test/Acc": 0.6545952015280772, "Test/Loss": 1.8386878314068555}