{"Train/Acc": 0.2718604047742605, "round": 65, "_step": 55, "_runtime": 108, "_timestamp": 1610963682, "Train/Loss": 2.4102727506583057, "Test/Acc": 0.2743182743182743, "Test/Loss": 2.4157156910423963}