{"Train/Acc": 0.7770240258429235, "round": 999, "_step": 803, "_runtime": 177823, "_timestamp": 1610894297, "Train/Loss": 0.8111722256093301, "Test/Acc": 0.7748, "Test/Loss": 1.0216360109183007}