{"Train/Acc": 0.816456927867151, "round": 199, "_step": 163, "_runtime": 49, "_timestamp": 1610625418, "Train/Loss": 1.7358272164735264, "Test/Acc": 0.818613485280152, "Test/Loss": 1.7358885068386256}