{"Train/Acc": 0.816554229372081, "round": 93, "_step": 375, "_runtime": 161, "_timestamp": 1610977804, "Train/Loss": 1.8523398169780805, "Test/Acc": 0.8192918192918193, "Test/Loss": 1.851595349073119}