{"Train/Acc": 0.25364880643487286, "round": 28, "_step": 115, "_runtime": 122, "_timestamp": 1610969022, "Train/Loss": 1.8300476714536549, "Test/Acc": 0.2532899199565866, "Test/Loss": 1.8209233949411463}