{"Train/Acc": 0.808040347690711, "round": 99, "_step": 399, "_runtime": 351, "_timestamp": 1610964665, "Train/Loss": 0.6689029684046068, "Test/Acc": 0.814272147605481, "Test/Loss": 0.6512642529968923}