{"Train/Acc": 0.48112350804359105, "round": 99, "_step": 83, "_runtime": 67, "_timestamp": 1610961354, "Train/Loss": 1.8919623854318408, "Test/Acc": 0.49043549043549045, "Test/Loss": 1.8311632211520936}