{"Train/Acc": 0.5309743124026985, "round": 9, "_step": 11, "_runtime": 49, "_timestamp": 1610625672, "Train/Loss": 1.9288961466365084, "Test/Acc": 0.5272011938678606, "Test/Loss": 1.9282059847879987}