{"Train/Acc": 0.17201284379865076, "round": 5, "_step": 7, "_runtime": 52, "_timestamp": 1610960706, "Train/Loss": 2.83182118903023, "Test/Acc": 0.1720255053588387, "Test/Loss": 2.8464924279115706}