{"Train/Acc": 0.5052056305137519, "round": 44, "_step": 179, "_runtime": 181, "_timestamp": 1610987050, "Train/Loss": 1.2096764426550344, "Test/Acc": 0.5046805046805046, "Test/Loss": 1.208874486799181}