{"Train/Acc": 0.8690159574468085, "round": 999, "_step": 3999, "_runtime": 3666, "_timestamp": 1610972697, "Train/Loss": 0.4424949687774612, "Test/Acc": 0.864604531271198, "Test/Loss": 0.4369584103900797}