{"Train/Acc": 0.12542163985469643, "round": 19, "_step": 79, "_runtime": 109, "_timestamp": 1610987902, "Train/Loss": 2.251039987652295, "Test/Acc": 0.12467779134445801, "Test/Loss": 2.236897693553}