{"Train/Acc": 0.10082057602490918, "round": 8, "_step": 35, "_runtime": 50, "_timestamp": 1610968411, "Train/Loss": 2.479515471457507, "Test/Acc": 0.09781576448243115, "Test/Loss": 2.480735759122322}