{"Train/Acc": 0.1970355474831344, "round": 9, "_step": 11, "_runtime": 25, "_timestamp": 1610960619, "Train/Loss": 5.24592773376335, "Test/Acc": 0.1995658662325329, "Test/Loss": 5.297149717765089}