{"Train/Acc": 0.8578262843798651, "round": 999, "_step": 3999, "_runtime": 1448, "_timestamp": 1610979286, "Train/Loss": 1.607105037774533, "Test/Acc": 0.8517161850495184, "Test/Loss": 1.6112575975756296}