{"Train/Acc": 0.2013330306175402, "round": 2, "_step": 11, "_runtime": 48, "_timestamp": 1610965791, "Train/Loss": 3.0059260403392227, "Test/Acc": 0.2007868674535341, "Test/Loss": 3.00554949555027}