{"Train/Acc": 0.412461079398028, "round": 299, "_step": 243, "_runtime": 637, "_timestamp": 1610787642, "Train/Loss": 3.7094051938787955, "Test/Acc": 0.4122914122914123, "Test/Loss": 3.6820987107386354}