{"Train/Acc": 0.19333809029579657, "round": 9, "_step": 11, "_runtime": 23, "_timestamp": 1610960249, "Train/Loss": 5.356010123619418, "Test/Acc": 0.19468186134852802, "Test/Loss": 5.400999989406055}