{"Train/Acc": 0.1718344577062792, "round": 155, "_step": 127, "_runtime": 94, "_timestamp": 1610961764, "Train/Loss": 9.968946047948162, "Test/Acc": 0.17270383937050604, "Test/Loss": 10.097079996872669}