{"Train/Acc": 0.11202646600934095, "round": 300, "_step": 243, "_runtime": 433, "_timestamp": 1610963568, "Train/Loss": 36.52979965899499, "Test/Acc": 0.11396011396011396, "Test/Loss": 37.02776391352437}