{"Train/Acc": 0.8652698495070057, "round": 190, "_step": 155, "_runtime": 222, "_timestamp": 1610964160, "Train/Loss": 0.4830808978612898, "Test/Acc": 0.8685388685388685, "Test/Loss": 0.47339473054285336}