{"Train/Acc": 0.2464484950700571, "round": 570, "_step": 459, "_runtime": 297, "_timestamp": 1610962371, "Train/Loss": 4.345824466197245, "Test/Acc": 0.2454212454212454, "Test/Loss": 4.329819363562615}