{"Train/Acc": 0.47955046704722365, "round": 99, "_step": 83, "_runtime": 67, "_timestamp": 1610961511, "Train/Loss": 1.8628112118403146, "Test/Acc": 0.4875864875864876, "Test/Loss": 1.8023484378477677}